
-- ADRESLER tablosu verileri

INSERT INTO ADRESLER(CADDE,MAHALLE,BINA_NO,SEHIR,POSTA_KODU,ULKE) VALUES ("ORHANGAZİ","ESENTEPE","254","TOKAT","5432","TURKEY");
INSERT INTO ADRESLER(CADDE,MAHALLE,BINA_NO,SEHIR,POSTA_KODU,ULKE) VALUES ("SİVAS","KEMER","234","TOKAT","2347","TURKEY");
INSERT INTO ADRESLER(CADDE,MAHALLE,BINA_NO,SEHIR,POSTA_KODU,ULKE) VALUES ("GÖZTEPE","EVRENKÖY","578","TOKAT","6214","TURKEY");
INSERT INTO ADRESLER(CADDE,MAHALLE,BINA_NO,SEHIR,POSTA_KODU,ULKE) VALUES ("DENİZLER","CUMHURİYET","862","İSTANBUL","1364","TURKEY");
INSERT INTO ADRESLER(CADDE,MAHALLE,BINA_NO,SEHIR,POSTA_KODU,ULKE) VALUES ("ATATÜRK","BARBAROS","332","İZMİR","1235","TURKEY");
INSERT INTO ADRESLER(CADDE,MAHALLE,BINA_NO,SEHIR,POSTA_KODU,ULKE) VALUES ("G.GURSEL","TUNA","766","AMASYA","6783","TURKEY");
INSERT INTO ADRESLER(CADDE,MAHALLE,BINA_NO,SEHIR,POSTA_KODU,ULKE) VALUES ("SİPAHİ","ŞAMBAR","213","DEHLİZ","3456","TURKEY");
INSERT INTO ADRESLER(CADDE,MAHALLE,BINA_NO,SEHIR,POSTA_KODU,ULKE) VALUES ("ELMALI","KIZILAY","334","ANKARA","12462","TURKEY");
INSERT INTO ADRESLER(CADDE,MAHALLE,BINA_NO,SEHIR,POSTA_KODU,ULKE) VALUES ("ESEN","BEYLİK","223","MANİSA","60100","TURKEY");


-- UYELER tablosu verileri

INSERT INTO UYELER(UYE_ADI,UYE_SOYADI,CINSIYET,TELEFON,E_POSTA,ADRES_NO) VALUES ("ayşe","kara","0","5664644932
","mm@cs.com",1);
INSERT INTO UYELER(UYE_ADI,UYE_SOYADI,CINSIYET,TELEFON,E_POSTA,ADRES_NO) VALUES ("ali","uçar","1","9200608376
","nn@cs.com",2);
INSERT INTO UYELER(UYE_ADI,UYE_SOYADI,CINSIYET,TELEFON,E_POSTA,ADRES_NO) VALUES ("ahmet","davut","1","5664638568
","bb@cs.com",3);
INSERT INTO UYELER(UYE_ADI,UYE_SOYADI,CINSIYET,TELEFON,E_POSTA,ADRES_NO) VALUES ("murat","sönmez","1","5664638570
","vv@cs.com",4);
INSERT INTO UYELER(UYE_ADI,UYE_SOYADI,CINSIYET,TELEFON,E_POSTA,ADRES_NO) VALUES ("burak","torun","1","4783934104
","cc@cs.com",5);
INSERT INTO UYELER(UYE_ADI,UYE_SOYADI,CINSIYET,TELEFON,E_POSTA,ADRES_NO) VALUES ("ayla","yılmaz","0","8237386881
","xx@cs.com",6);
INSERT INTO UYELER(UYE_ADI,UYE_SOYADI,CINSIYET,TELEFON,E_POSTA,ADRES_NO) VALUES ("mustafa","demir","1","9200608391
","zz@cs.com",6);
INSERT INTO UYELER(UYE_ADI,UYE_SOYADI,CINSIYET,TELEFON,E_POSTA,ADRES_NO) VALUES ("turgut","özseven","1","7952644846
","ii@cs.com",4);
INSERT INTO UYELER(UYE_ADI,UYE_SOYADI,CINSIYET,TELEFON,E_POSTA,ADRES_NO) VALUES ("elif","uymaz","0","3535969885
","şş@cs.com",2);
INSERT INTO UYELER(UYE_ADI,UYE_SOYADI,CINSIYET,TELEFON,E_POSTA,ADRES_NO) VALUES ("mahmut","keser","1","9200608409
","ll@cs.com",1);
INSERT INTO UYELER(UYE_ADI,UYE_SOYADI,CINSIYET,TELEFON,E_POSTA,ADRES_NO) VALUES ("halit","erbaş","1","9200608412
","kk@cs.com",4);
INSERT INTO UYELER(UYE_ADI,UYE_SOYADI,CINSIYET,TELEFON,E_POSTA,ADRES_NO) VALUES ("yılmaz","topçu","1","1247963652
","jj@cs.com",2);
INSERT INTO UYELER(UYE_ADI,UYE_SOYADI,CINSIYET,TELEFON,E_POSTA,ADRES_NO) VALUES ("oğuz","çelik","1","7952644926
","hh@cs.com",6);
INSERT INTO UYELER(UYE_ADI,UYE_SOYADI,CINSIYET,TELEFON,E_POSTA,ADRES_NO) VALUES ("eylül","kara","0","9200608421
","gg@cs.com",7);
INSERT INTO UYELER(UYE_ADI,UYE_SOYADI,CINSIYET,TELEFON,E_POSTA,ADRES_NO) VALUES ("atıl","deniz","1","9200608424
","ff@cs.com",9);
INSERT INTO UYELER(UYE_ADI,UYE_SOYADI,CINSIYET,TELEFON,E_POSTA,ADRES_NO) VALUES ("cem","soyan","1","9200608427
","dd@cs.com",5);
INSERT INTO UYELER(UYE_ADI,UYE_SOYADI,CINSIYET,TELEFON,E_POSTA,ADRES_NO) VALUES ("emre","sorgun","1","20432318430
","ss@cs.com",7);
INSERT INTO UYELER(UYE_ADI,UYE_SOYADI,CINSIYET,TELEFON,E_POSTA,ADRES_NO) VALUES ("haluk","geyik","1","5664638884
","aa@cs.com",5);
INSERT INTO UYELER(UYE_ADI,UYE_SOYADI,CINSIYET,TELEFON,E_POSTA,ADRES_NO) VALUES ("binnur","eralp","0","9200608436
","üü@cs.com",2);
INSERT INTO UYELER(UYE_ADI,UYE_SOYADI,CINSIYET,TELEFON,E_POSTA,ADRES_NO) VALUES ("atiye","keskin","0","7952644880
","ğğ@cs.com",3);
INSERT INTO UYELER(UYE_ADI,UYE_SOYADI,CINSIYET,TELEFON,E_POSTA,ADRES_NO) VALUES ("zelil","gök","0","1248022764
","pp@cs.com",4);
INSERT INTO UYELER(UYE_ADI,UYE_SOYADI,CINSIYET,TELEFON,E_POSTA,ADRES_NO) VALUES ("ayşe","görmez","0","5664638554
","oo@cs.com",7);
INSERT INTO UYELER(UYE_ADI,UYE_SOYADI,CINSIYET,TELEFON,E_POSTA,ADRES_NO) VALUES ("ilknur","biçer","0","7952644955
","ıı@cs.com",8);
INSERT INTO UYELER(UYE_ADI,UYE_SOYADI,CINSIYET,TELEFON,E_POSTA,ADRES_NO) VALUES ("hamit","karakaya","1","5664639007
","uu@cs.com",9);
INSERT INTO UYELER(UYE_ADI,UYE_SOYADI,CINSIYET,TELEFON,E_POSTA,ADRES_NO) VALUES ("mete","seren","1","9200608454
","yy@cs.com",9);
INSERT INTO UYELER(UYE_ADI,UYE_SOYADI,CINSIYET,TELEFON,E_POSTA,ADRES_NO) VALUES ("taha","satıcı","1","1247977011
","tt@cs.com",9);
INSERT INTO UYELER(UYE_ADI,UYE_SOYADI,CINSIYET,TELEFON,E_POSTA,ADRES_NO) VALUES ("öznur","gürler","0","4416675063
","rr@cs.com",2);
INSERT INTO UYELER(UYE_ADI,UYE_SOYADI,CINSIYET,TELEFON,E_POSTA,ADRES_NO) VALUES ("esra","sendir","0","4416674980
","ee@cs.com",1);
INSERT INTO UYELER(UYE_ADI,UYE_SOYADI,CINSIYET,TELEFON,E_POSTA,ADRES_NO) VALUES ("ayten","kacar","0","4416674961
","ww@cs.com",3);
INSERT INTO UYELER(UYE_ADI,UYE_SOYADI,CINSIYET,TELEFON,E_POSTA,ADRES_NO) VALUES ("dudu","adar","0","4416674958
","qq@cs.com",6);




INSERT INTO KUTUPHANE(KUTUPHANE_NO,KUTUPHANE_ISMI,ACIKLAMA,ADRES_NO) VALUES (1,"MERKEZ","MERKEZ KÜTÜPHANE","1");
INSERT INTO KUTUPHANE(KUTUPHANE_NO,KUTUPHANE_ISMI,ACIKLAMA,ADRES_NO) VALUES (2,"ZİLE","OCAK 2010 DA KURULDU","3");
INSERT INTO KUTUPHANE(KUTUPHANE_NO,KUTUPHANE_ISMI,ACIKLAMA,ADRES_NO) VALUES (3,"TURHAL","KAYIT İÇİN MERKEZ","4");
INSERT INTO KUTUPHANE(KUTUPHANE_NO,KUTUPHANE_ISMI,ACIKLAMA,ADRES_NO) VALUES (4,"AMASYA","KAYIT İÇİN MERKEZ","7");




INSERT INTO KITAPLAR(ISBN,KITAP_ADI,YAYIN_TARIHI,S_SAYISI) VALUES ("6055977501","ALGORİTMALAR","2009-7-1",426);
INSERT INTO KITAPLAR(ISBN,KITAP_ADI,YAYIN_TARIHI,S_SAYISI) VALUES ("6055977502","İNT. PROGRAMCILIĞI 1","2009-9-10",675);
INSERT INTO KITAPLAR(ISBN,KITAP_ADI,YAYIN_TARIHI,S_SAYISI) VALUES ("6055977503","İNT. PROGRAMCILIĞI 2","2010-1-1",272);
INSERT INTO KITAPLAR(ISBN,KITAP_ADI,YAYIN_TARIHI,S_SAYISI) VALUES ("6055977504","BİL. VE İNT. KUL.","2009-12-3",651);
INSERT INTO KITAPLAR(ISBN,KITAP_ADI,YAYIN_TARIHI,S_SAYISI) VALUES ("6055977505","AUTOCAD 2009","2010-12-3",232);
INSERT INTO KITAPLAR(ISBN,KITAP_ADI,YAYIN_TARIHI,S_SAYISI) VALUES ("6055977506","BİL. MUHASEBE","2009-2-5",164);
INSERT INTO KITAPLAR(ISBN,KITAP_ADI,YAYIN_TARIHI,S_SAYISI) VALUES ("6055977507","TİCARİ MATEMATİK","2010-1-16",472);
INSERT INTO KITAPLAR(ISBN,KITAP_ADI,YAYIN_TARIHI,S_SAYISI) VALUES ("6055977508","TİCARİ MATEMTİK","2011-6-17",218);
INSERT INTO KITAPLAR(ISBN,KITAP_ADI,YAYIN_TARIHI,S_SAYISI) VALUES ("6055977509","FAKÜLTELER İÇİN MAT","2010-3-13",181);
INSERT INTO KITAPLAR(ISBN,KITAP_ADI,YAYIN_TARIHI,S_SAYISI) VALUES ("6055977510","TÜRK EĞİTİM TARİHİ","2015-11-3",726);
INSERT INTO KITAPLAR(ISBN,KITAP_ADI,YAYIN_TARIHI,S_SAYISI) VALUES ("6055977511","SERMAYA VE DİL","2016-3-7",784);
INSERT INTO KITAPLAR(ISBN,KITAP_ADI,YAYIN_TARIHI,S_SAYISI) VALUES ("6055977512","GELİŞİM PSİKOLOJİSİ","2010-2-19",356);
INSERT INTO KITAPLAR(ISBN,KITAP_ADI,YAYIN_TARIHI,S_SAYISI) VALUES ("6055977513","ZAZALAR VE TÜRKLÜK","2011-8-26",907);
INSERT INTO KITAPLAR(ISBN,KITAP_ADI,YAYIN_TARIHI,S_SAYISI) VALUES ("6055977514","28 GÜNDE KUANTUM","2015-5-11",225);
INSERT INTO KITAPLAR(ISBN,KITAP_ADI,YAYIN_TARIHI,S_SAYISI) VALUES ("6055977515","ŞİFRELER","2010-7-15",653);
INSERT INTO KITAPLAR(ISBN,KITAP_ADI,YAYIN_TARIHI,S_SAYISI) VALUES ("6055977516","SEMBOLLER","2016-5-30",285);
INSERT INTO KITAPLAR(ISBN,KITAP_ADI,YAYIN_TARIHI,S_SAYISI) VALUES ("6055977517","BİLGİSAYAR AĞLARI","2013-10-15",172);
INSERT INTO KITAPLAR(ISBN,KITAP_ADI,YAYIN_TARIHI,S_SAYISI) VALUES ("6055977518","WEB TASARIM","2011-11-11",678);
INSERT INTO KITAPLAR(ISBN,KITAP_ADI,YAYIN_TARIHI,S_SAYISI) VALUES ("6055977519","KRİPTOLOJİ","2020-11-02",900);
INSERT INTO KITAPLAR(ISBN,KITAP_ADI,YAYIN_TARIHI,S_SAYISI) VALUES ("6055977520","ISDN VE SDN","2021-05-04",500);
INSERT INTO KITAPLAR(ISBN,KITAP_ADI,YAYIN_TARIHI,S_SAYISI) VALUES ("6055977521","TCP/IP","2018-07-12",478);
INSERT INTO KITAPLAR(ISBN,KITAP_ADI,YAYIN_TARIHI,S_SAYISI) VALUES ("6055977522","NETWORK MÜHENDİSLİĞİ","2015-01-09",488);
INSERT INTO KITAPLAR(ISBN,KITAP_ADI,YAYIN_TARIHI,S_SAYISI) VALUES ("6055977523","DATABASE ADMİNİSTRATİON","2013-12-30",255);
















INSERT INTO EMANET(ISBN,UYE_NO,KUTUPHANE_NO,EMANET_TARIHI,TESLIM_TARIHI) VALUES ("6055977501",4,2,"2009-12-1","2009-12-11");
INSERT INTO EMANET(ISBN,UYE_NO,KUTUPHANE_NO,EMANET_TARIHI,TESLIM_TARIHI) VALUES ("6055977502",6,1,"2009-1-11","2011-1-11");
INSERT INTO EMANET(ISBN,UYE_NO,KUTUPHANE_NO,EMANET_TARIHI) VALUES ("6055977503",7,4,"2011-6-11");
INSERT INTO EMANET(ISBN,UYE_NO,KUTUPHANE_NO,EMANET_TARIHI,TESLIM_TARIHI) VALUES ("6055977504",15,3,"2010-12-10","2018-11-11");
INSERT INTO EMANET(ISBN,UYE_NO,KUTUPHANE_NO,EMANET_TARIHI) VALUES ("6055977505",17,2,"2013-5-5");

INSERT INTO EMANET(ISBN,UYE_NO,KUTUPHANE_NO,EMANET_TARIHI,TESLIM_TARIHI) VALUES ("6055977506",9,1,"2010-1-5","2018-12-7");
INSERT INTO EMANET(ISBN,UYE_NO,KUTUPHANE_NO,EMANET_TARIHI,TESLIM_TARIHI) VALUES ("6055977507",12,1,"2010-5-2","2011-1-2");
INSERT INTO EMANET(ISBN,UYE_NO,KUTUPHANE_NO,EMANET_TARIHI) VALUES ("6055977508",13,4,"2010-7-2");
INSERT INTO EMANET(ISBN,UYE_NO,KUTUPHANE_NO,EMANET_TARIHI,TESLIM_TARIHI) VALUES ("6055977509",5,4,"2008-8-6","2016-7-2");
INSERT INTO EMANET(ISBN,UYE_NO,KUTUPHANE_NO,EMANET_TARIHI) VALUES ("6055977510",6,3,"2016-4-5");

INSERT INTO EMANET(ISBN,UYE_NO,KUTUPHANE_NO,EMANET_TARIHI) VALUES ("6055977511",8,1,"2015-12-7");
INSERT INTO EMANET(ISBN,UYE_NO,KUTUPHANE_NO,EMANET_TARIHI,TESLIM_TARIHI) VALUES ("6055977512",7,3,"2003-12-12","2005-12-6");
INSERT INTO EMANET(ISBN,UYE_NO,KUTUPHANE_NO,EMANET_TARIHI,TESLIM_TARIHI) VALUES ("6055977513",7,1,"1016-12-5","2016-12-6");
INSERT INTO EMANET(ISBN,UYE_NO,KUTUPHANE_NO,EMANET_TARIHI) VALUES ("6055977514",11,2,"2018-12-6");
INSERT INTO EMANET(ISBN,UYE_NO,KUTUPHANE_NO,EMANET_TARIHI) VALUES ("6055977515",12,2,"2008-5-8");

INSERT INTO EMANET(ISBN,UYE_NO,KUTUPHANE_NO,EMANET_TARIHI,TESLIM_TARIHI) VALUES ("6055977516",13,4,"2017-6-6","2018-9-2");
INSERT INTO EMANET(ISBN,UYE_NO,KUTUPHANE_NO,EMANET_TARIHI) VALUES ("6055977517",8,2,"2007-9-2");
INSERT INTO EMANET(ISBN,UYE_NO,KUTUPHANE_NO,EMANET_TARIHI) VALUES ("6055977518",9,1,"2015-9-2");






INSERT INTO KITAP_KUTUPHANE(KUTUPHANE_NO,ISBN,MIKTAR) VALUES (1,"6055977501",25);
INSERT INTO KITAP_KUTUPHANE(KUTUPHANE_NO,ISBN,MIKTAR) VALUES (1,"6055977502",263);
INSERT INTO KITAP_KUTUPHANE(KUTUPHANE_NO,ISBN,MIKTAR) VALUES (1,"6055977503",31);
INSERT INTO KITAP_KUTUPHANE(KUTUPHANE_NO,ISBN,MIKTAR) VALUES (1,"6055977504",38);
INSERT INTO KITAP_KUTUPHANE(KUTUPHANE_NO,ISBN,MIKTAR) VALUES (1,"6055977505",67);
INSERT INTO KITAP_KUTUPHANE(KUTUPHANE_NO,ISBN,MIKTAR) VALUES (1,"6055977506",94);
INSERT INTO KITAP_KUTUPHANE(KUTUPHANE_NO,ISBN,MIKTAR) VALUES (1,"6055977507",48);
INSERT INTO KITAP_KUTUPHANE(KUTUPHANE_NO,ISBN,MIKTAR) VALUES (1,"6055977508",61);
INSERT INTO KITAP_KUTUPHANE(KUTUPHANE_NO,ISBN,MIKTAR) VALUES (1,"6055977509",47);
INSERT INTO KITAP_KUTUPHANE(KUTUPHANE_NO,ISBN,MIKTAR) VALUES (1,"6055977510",35);
INSERT INTO KITAP_KUTUPHANE(KUTUPHANE_NO,ISBN,MIKTAR) VALUES (1,"6055977511",69);
INSERT INTO KITAP_KUTUPHANE(KUTUPHANE_NO,ISBN,MIKTAR) VALUES (1,"6055977512",54);
INSERT INTO KITAP_KUTUPHANE(KUTUPHANE_NO,ISBN,MIKTAR) VALUES (1,"6055977513",56);
INSERT INTO KITAP_KUTUPHANE(KUTUPHANE_NO,ISBN,MIKTAR) VALUES (1,"6055977514",31);
INSERT INTO KITAP_KUTUPHANE(KUTUPHANE_NO,ISBN,MIKTAR) VALUES (1,"6055977515",14);
INSERT INTO KITAP_KUTUPHANE(KUTUPHANE_NO,ISBN,MIKTAR) VALUES (1,"6055977516",57);
INSERT INTO KITAP_KUTUPHANE(KUTUPHANE_NO,ISBN,MIKTAR) VALUES (1,"6055977517",49);
INSERT INTO KITAP_KUTUPHANE(KUTUPHANE_NO,ISBN,MIKTAR) VALUES (1,"6055977518",68);

INSERT INTO KITAP_KUTUPHANE(KUTUPHANE_NO,ISBN,MIKTAR) VALUES (2,"6055977501",38);
INSERT INTO KITAP_KUTUPHANE(KUTUPHANE_NO,ISBN,MIKTAR) VALUES (2,"6055977502",51);
INSERT INTO KITAP_KUTUPHANE(KUTUPHANE_NO,ISBN,MIKTAR) VALUES (2,"6055977503",65);
INSERT INTO KITAP_KUTUPHANE(KUTUPHANE_NO,ISBN,MIKTAR) VALUES (2,"6055977504",1);
INSERT INTO KITAP_KUTUPHANE(KUTUPHANE_NO,ISBN,MIKTAR) VALUES (2,"6055977505",6);
INSERT INTO KITAP_KUTUPHANE(KUTUPHANE_NO,ISBN,MIKTAR) VALUES (2,"6055977506",17);
INSERT INTO KITAP_KUTUPHANE(KUTUPHANE_NO,ISBN,MIKTAR) VALUES (2,"6055977507",78);
INSERT INTO KITAP_KUTUPHANE(KUTUPHANE_NO,ISBN,MIKTAR) VALUES (2,"6055977508",69);
INSERT INTO KITAP_KUTUPHANE(KUTUPHANE_NO,ISBN,MIKTAR) VALUES (2,"6055977509",78);
INSERT INTO KITAP_KUTUPHANE(KUTUPHANE_NO,ISBN,MIKTAR) VALUES (2,"6055977510",68);
INSERT INTO KITAP_KUTUPHANE(KUTUPHANE_NO,ISBN,MIKTAR) VALUES (2,"6055977511",53);
INSERT INTO KITAP_KUTUPHANE(KUTUPHANE_NO,ISBN,MIKTAR) VALUES (2,"6055977512",66);
INSERT INTO KITAP_KUTUPHANE(KUTUPHANE_NO,ISBN,MIKTAR) VALUES (2,"6055977513",58);
INSERT INTO KITAP_KUTUPHANE(KUTUPHANE_NO,ISBN,MIKTAR) VALUES (2,"6055977514",158);
INSERT INTO KITAP_KUTUPHANE(KUTUPHANE_NO,ISBN,MIKTAR) VALUES (2,"6055977515",33);
INSERT INTO KITAP_KUTUPHANE(KUTUPHANE_NO,ISBN,MIKTAR) VALUES (2,"6055977516",113);
INSERT INTO KITAP_KUTUPHANE(KUTUPHANE_NO,ISBN,MIKTAR) VALUES (2,"6055977517",1);
INSERT INTO KITAP_KUTUPHANE(KUTUPHANE_NO,ISBN,MIKTAR) VALUES (2,"6055977518",12);

INSERT INTO KITAP_KUTUPHANE(KUTUPHANE_NO,ISBN,MIKTAR) VALUES (3,"6055977501",4);
INSERT INTO KITAP_KUTUPHANE(KUTUPHANE_NO,ISBN,MIKTAR) VALUES (3,"6055977502",16);
INSERT INTO KITAP_KUTUPHANE(KUTUPHANE_NO,ISBN,MIKTAR) VALUES (3,"6055977503",41);
INSERT INTO KITAP_KUTUPHANE(KUTUPHANE_NO,ISBN,MIKTAR) VALUES (3,"6055977504",14);
INSERT INTO KITAP_KUTUPHANE(KUTUPHANE_NO,ISBN,MIKTAR) VALUES (3,"6055977505",56);
INSERT INTO KITAP_KUTUPHANE(KUTUPHANE_NO,ISBN,MIKTAR) VALUES (3,"6055977506",223);
INSERT INTO KITAP_KUTUPHANE(KUTUPHANE_NO,ISBN,MIKTAR) VALUES (3,"6055977507",49);
INSERT INTO KITAP_KUTUPHANE(KUTUPHANE_NO,ISBN,MIKTAR) VALUES (3,"6055977508",17);
INSERT INTO KITAP_KUTUPHANE(KUTUPHANE_NO,ISBN,MIKTAR) VALUES (3,"6055977509",15);
INSERT INTO KITAP_KUTUPHANE(KUTUPHANE_NO,ISBN,MIKTAR) VALUES (3,"6055977510",33);
INSERT INTO KITAP_KUTUPHANE(KUTUPHANE_NO,ISBN,MIKTAR) VALUES (3,"6055977511",15);
INSERT INTO KITAP_KUTUPHANE(KUTUPHANE_NO,ISBN,MIKTAR) VALUES (3,"6055977512",40);
INSERT INTO KITAP_KUTUPHANE(KUTUPHANE_NO,ISBN,MIKTAR) VALUES (3,"6055977513",98);
INSERT INTO KITAP_KUTUPHANE(KUTUPHANE_NO,ISBN,MIKTAR) VALUES (3,"6055977514",9);
INSERT INTO KITAP_KUTUPHANE(KUTUPHANE_NO,ISBN,MIKTAR) VALUES (3,"6055977515",4);
INSERT INTO KITAP_KUTUPHANE(KUTUPHANE_NO,ISBN,MIKTAR) VALUES (3,"6055977516",6);
INSERT INTO KITAP_KUTUPHANE(KUTUPHANE_NO,ISBN,MIKTAR) VALUES (3,"6055977517",23);
INSERT INTO KITAP_KUTUPHANE(KUTUPHANE_NO,ISBN,MIKTAR) VALUES (3,"6055977518",1);

INSERT INTO KITAP_KUTUPHANE(KUTUPHANE_NO,ISBN,MIKTAR) VALUES (4,"6055977501",33);
INSERT INTO KITAP_KUTUPHANE(KUTUPHANE_NO,ISBN,MIKTAR) VALUES (4,"6055977502",11);
INSERT INTO KITAP_KUTUPHANE(KUTUPHANE_NO,ISBN,MIKTAR) VALUES (4,"6055977503",26);
INSERT INTO KITAP_KUTUPHANE(KUTUPHANE_NO,ISBN,MIKTAR) VALUES (4,"6055977504",49);
INSERT INTO KITAP_KUTUPHANE(KUTUPHANE_NO,ISBN,MIKTAR) VALUES (4,"6055977505",69);
INSERT INTO KITAP_KUTUPHANE(KUTUPHANE_NO,ISBN,MIKTAR) VALUES (4,"6055977506",147);
INSERT INTO KITAP_KUTUPHANE(KUTUPHANE_NO,ISBN,MIKTAR) VALUES (4,"6055977507",45);
INSERT INTO KITAP_KUTUPHANE(KUTUPHANE_NO,ISBN,MIKTAR) VALUES (4,"6055977508",43);
INSERT INTO KITAP_KUTUPHANE(KUTUPHANE_NO,ISBN,MIKTAR) VALUES (4,"6055977509",89);
INSERT INTO KITAP_KUTUPHANE(KUTUPHANE_NO,ISBN,MIKTAR) VALUES (4,"6055977510",47);
INSERT INTO KITAP_KUTUPHANE(KUTUPHANE_NO,ISBN,MIKTAR) VALUES (4,"6055977511",446);
INSERT INTO KITAP_KUTUPHANE(KUTUPHANE_NO,ISBN,MIKTAR) VALUES (4,"6055977512",88);
INSERT INTO KITAP_KUTUPHANE(KUTUPHANE_NO,ISBN,MIKTAR) VALUES (4,"6055977513",331);
INSERT INTO KITAP_KUTUPHANE(KUTUPHANE_NO,ISBN,MIKTAR) VALUES (4,"6055977514",5);
INSERT INTO KITAP_KUTUPHANE(KUTUPHANE_NO,ISBN,MIKTAR) VALUES (4,"6055977515",4);
INSERT INTO KITAP_KUTUPHANE(KUTUPHANE_NO,ISBN,MIKTAR) VALUES (4,"6055977516",69);
INSERT INTO KITAP_KUTUPHANE(KUTUPHANE_NO,ISBN,MIKTAR) VALUES (4,"6055977517",55);
INSERT INTO KITAP_KUTUPHANE(KUTUPHANE_NO,ISBN,MIKTAR) VALUES (4,"6055977518",11);











INSERT INTO YAZARLAR(YAZAR_ADI,YAZAR_SOYADI) VALUES ("TANER","YENER");
INSERT INTO YAZARLAR(YAZAR_ADI,YAZAR_SOYADI) VALUES ("SALİH","TEKİN");
INSERT INTO YAZARLAR(YAZAR_ADI,YAZAR_SOYADI) VALUES ("H.ÇEBİ","BAL");
INSERT INTO YAZARLAR(YAZAR_ADI,YAZAR_SOYADI) VALUES ("FAHRİ","ÖZKAN");
INSERT INTO YAZARLAR(YAZAR_ADI,YAZAR_SOYADI) VALUES ("MURAT","CAN");
INSERT INTO YAZARLAR(YAZAR_ADI,YAZAR_SOYADI) VALUES ("ÖTÜGEN","SENGER");
INSERT INTO YAZARLAR(YAZAR_ADI,YAZAR_SOYADI) VALUES ("M.ALİ","FEYİZ");
INSERT INTO YAZARLAR(YAZAR_ADI,YAZAR_SOYADI) VALUES ("RAMAZAN","İNAL");
INSERT INTO YAZARLAR(YAZAR_ADI,YAZAR_SOYADI) VALUES ("GÖKHAN","ÇUVALOĞLU");
INSERT INTO YAZARLAR(YAZAR_ADI,YAZAR_SOYADI) VALUES ("SALİH","ÖZKAN");
INSERT INTO YAZARLAR(YAZAR_ADI,YAZAR_SOYADI) VALUES ("CHRİSTİAN","MARAZZİ");
INSERT INTO YAZARLAR(YAZAR_ADI,YAZAR_SOYADI) VALUES ("HATİCE","ERGİN");
INSERT INTO YAZARLAR(YAZAR_ADI,YAZAR_SOYADI) VALUES ("ARMAĞAN","YILDIZ");
INSERT INTO YAZARLAR(YAZAR_ADI,YAZAR_SOYADI) VALUES ("A.RIZA","ÖZDEMİR");
INSERT INTO YAZARLAR(YAZAR_ADI,YAZAR_SOYADI) VALUES ("S.ANNE","TALOR");
INSERT INTO YAZARLAR(YAZAR_ADI,YAZAR_SOYADI) VALUES ("PAUL","LUNDE");
INSERT INTO YAZARLAR(YAZAR_ADI,YAZAR_SOYADI) VALUES ("KATHRYN","WİKİNSON");
INSERT INTO YAZARLAR(YAZAR_ADI,YAZAR_SOYADI) VALUES ('ALİ','CENGİZ');
INSERT INTO YAZARLAR(YAZAR_ADI,YAZAR_SOYADI) VALUES ('FRANZ','KAFKA');
INSERT INTO YAZARLAR(YAZAR_ADI,YAZAR_SOYADI) VALUES ('IMMANUEL','KANT');
INSERT INTO YAZARLAR(YAZAR_ADI,YAZAR_SOYADI) VALUES ('MEVLANA','CELALEDDİN RUMİ');
INSERT INTO YAZARLAR(YAZAR_ADI,YAZAR_SOYADI) VALUES ('ÜSTÜN','DÖKMEN');





INSERT INTO KATEGORILER(KATEGORI_ADI) VALUES ("BİLGİSAYAR");
INSERT INTO KATEGORILER(KATEGORI_ADI) VALUES ("EKONOMİ");
INSERT INTO KATEGORILER(KATEGORI_ADI) VALUES ("EĞİTİM");
INSERT INTO KATEGORILER(KATEGORI_ADI) VALUES ("EDEBİYAT");
INSERT INTO KATEGORILER(KATEGORI_ADI) VALUES ("MATEMATİK");
INSERT INTO KATEGORILER(KATEGORI_ADI) VALUES ("PSİKOLOJİ");
INSERT INTO KATEGORILER(KATEGORI_ADI) VALUES ("KÜLTÜR");
INSERT INTO KATEGORILER(KATEGORI_ADI) VALUES ("MUHASEBE");
INSERT INTO KATEGORILER(KATEGORI_ADI) VALUES ("BİLİM");
INSERT INTO KATEGORILER(KATEGORI_ADI) VALUES ("DİĞER");



INSERT INTO KITAP_YAZAR(ISBN,YAZAR_NO) VALUES ("6055977501",1);
INSERT INTO KITAP_YAZAR(ISBN,YAZAR_NO) VALUES ("6055977502",1);
INSERT INTO KITAP_YAZAR(ISBN,YAZAR_NO) VALUES ("6055977503",2);
INSERT INTO KITAP_YAZAR(ISBN,YAZAR_NO) VALUES ("6055977504",3);
INSERT INTO KITAP_YAZAR(ISBN,YAZAR_NO) VALUES ("6055977505",4);
INSERT INTO KITAP_YAZAR(ISBN,YAZAR_NO) VALUES ("6055977506",5);
INSERT INTO KITAP_YAZAR(ISBN,YAZAR_NO) VALUES ("6055977507",6);
INSERT INTO KITAP_YAZAR(ISBN,YAZAR_NO) VALUES ("6055977508",7);
INSERT INTO KITAP_YAZAR(ISBN,YAZAR_NO) VALUES ("6055977509",8);
INSERT INTO KITAP_YAZAR(ISBN,YAZAR_NO) VALUES ("6055977510",9);
INSERT INTO KITAP_YAZAR(ISBN,YAZAR_NO) VALUES ("6055977511",10);
INSERT INTO KITAP_YAZAR(ISBN,YAZAR_NO) VALUES ("6055977512",11);
INSERT INTO KITAP_YAZAR(ISBN,YAZAR_NO) VALUES ("6055977513",12);
INSERT INTO KITAP_YAZAR(ISBN,YAZAR_NO) VALUES ("6055977514",13);
INSERT INTO KITAP_YAZAR(ISBN,YAZAR_NO) VALUES ("6055977515",14);
INSERT INTO KITAP_YAZAR(ISBN,YAZAR_NO) VALUES ("6055977516",15);
INSERT INTO KITAP_YAZAR(ISBN,YAZAR_NO) VALUES ("6055977517",16);
INSERT INTO KITAP_YAZAR(ISBN,YAZAR_NO) VALUES ("6055977518",17);










INSERT INTO KITAP_KATEGORI VALUES ("6055977501",1);
INSERT INTO KITAP_KATEGORI VALUES ("6055977502",1);
INSERT INTO KITAP_KATEGORI VALUES ("6055977503",2);
INSERT INTO KITAP_KATEGORI VALUES ("6055977504",1);
INSERT INTO KITAP_KATEGORI VALUES ("6055977505",4);
INSERT INTO KITAP_KATEGORI VALUES ("6055977506",1);
INSERT INTO KITAP_KATEGORI VALUES ("6055977507",8);
INSERT INTO KITAP_KATEGORI VALUES ("6055977508",5);
INSERT INTO KITAP_KATEGORI VALUES ("6055977509",3);
INSERT INTO KITAP_KATEGORI VALUES ("6055977510",6);
INSERT INTO KITAP_KATEGORI VALUES ("6055977511",7);
INSERT INTO KITAP_KATEGORI VALUES ("6055977512",9);
INSERT INTO KITAP_KATEGORI VALUES ("6055977513",9);
INSERT INTO KITAP_KATEGORI VALUES ("6055977514",10);
INSERT INTO KITAP_KATEGORI VALUES ("6055977515",10);
INSERT INTO KITAP_KATEGORI VALUES ("6055977516",3);
INSERT INTO KITAP_KATEGORI VALUES ("6055977517",3);
INSERT INTO KITAP_KATEGORI VALUES ("6055977518",2);
INSERT INTO KITAP_KATEGORI VALUES ("6055977519",10);
INSERT INTO KITAP_KATEGORI VALUES ("6055977520",10);
INSERT INTO KITAP_KATEGORI VALUES ("6055977521",10);
INSERT INTO KITAP_KATEGORI VALUES ("6055977522",10);
INSERT INTO KITAP_KATEGORI VALUES ("6055977523",10);



